review,rating
"One of the toughest films I've ever tried to review. I liked it a lot, but can't recommend it.",8
Messiness 3:16,6
"Anxiety: The Movie. The way it's shot, how the dialog is written, the characters and their choices, all odd and nonsensical at first, but all there for a reason. All there to help write a poem that wants to tell you something. Some things. Everything. Mother! is an astonishing yet nerve-racking allegorical picture that won't leave your mind.",8
"Insane, beautiful, terrorizing, epic, puzzling, intoxicating, gross, masterful. (Spoilers)",10
"My god, mother is one hell of a film.",10
"Liked the idea and message ... But it was just over the top. For my tastes the first half of the movie was great, a solid 9 stars. I felt the helplessness of Mother and it carried the message well enough. The second half was just overwhelming and too much. I would have loved the movie if they kept it more subtle. Michelle Pfeiffer was fabulous!",6
"Religious allegories abound but really it's just pretentious nonsense Now I'm not one to disparage the director, I liked Requiem for a Dream and loved Black Swan, but this is a stinker and just simply boring. It's all just packed full of cod biblical allegories spread thickly throughout which tries to twist between different types of horror genres, but leaved me unintrigued. Granted the settings, claustrophobic direction and acting are top notch but it shouldn't mask for what otherwise is a poor uninteresting movie. It unsettles and bores, way too much to care, and as the ending dragged on I was left increasingly frustrated as it refused to just shut up shop. It's totally split opinion from what I've seen so far, and you'll struggle to find anyone in the middle on this one. In fairness, some credit to the film studios for risking this effort in launching it into mainstream cinemas but without the director it would have rightfully languished on cable late night showings.",3
"Aronofsky's mother! will be hated by many, but loved by a precious few 100 Horrifying. Just.. horrifying. Aronofsky really got me with this one. Not only did he manage to grab me on an intellectual level, but also on an emotional one. This movie is going to be hated by many, I know that now. But for me, this is, hands down, the movie of the year. Every shot, cut, and scream is perfectly constructed to make an immersive atmosphere that never relents in it's uncomfortable feeling, and the acting is seriously award worthy. Javier Bardem is absolutely wonderful, and Jennifer Lawrence... oh man... her performance is absolutely top notch. At first I couldn't quite relate to her character, but as the film progressed, her mindset became my mindset, and we essentially merged into one force of fear and terror that was absolutely unstoppable until the ending. I cannot praise her performance enough in this review. Her emotions leaked from every frame she was in, and it broke my heart and scared me witless the whole way through the film. Aronofsky's pacing is immaculate as well, the whole movie feeling not a second too",10
"Thick on analogies and symbolism, to the point of overkill",6
WTF!,1
"Art's Not Safe Went to the first matin?e available locally and I am still thinking the picture over. Will definitely see this one again, if it hasn't left the theatre abruptly. I was certainly horrified by the film, which is a good thing, as I had assumed it was a horror picture. It is, of course, much more than that. Nonetheless, it is NOT The Conjuring or Get Out (both good films, for sure), so just be warned. By now you are aware that the film has been controversial, also a good thing. Jennifer Lawrence does a fine job and her career is certainly not going to suffer for her performance. I am not exactly a JLaw ""fan"" (could live without the Hunger Games), although I will pay closer attention to her future performances, especially if she pulls off more roles like this one (really liked Winter's Bone, by the way). As I understand the Hollywood scene, it is a respectable personal decision to take on a challenging role in an avant garde picture, especially if you have already banked serious money from popular roles in blockbusters. Javier Bardem, Michelle Pfeiffer, and Ed Harris also do their",8
??????? WHAT THE HELL DID I JUST WATCH?????????????????!!!!!!!!!!!!!!!!!!!!!!!!!!,6
From Eden to Armageddon in 2 Hours,1
"Trigger Warning ""You never loved me. You only loved how I loved you."" ---mother (Jennifer Lawrence) to Him (Javier Bardem) Directed by Darren Aronofsky (""Black Swan"" and ""Requiem for a Dream"") ""mother!"" is possibly the darkest, most disturbing movie I have ever seen. It is absolutely one of the most affecting. Reviews have been mixed, to put it nicely. But I think the theme of ""mother!"" terrifies some people so much that they choose to be perplexed by it rather than allow themselves to even think about what Aronofsky is suggesting. My take on the film is that it is about God, humans, and our respective relationships with creation and the creative process.",10
Terrorizing!,7
a film that fails on multiple levels,1
Moab (Mother of all Box-Office Bombs),9
Story of Life from a Religious Perspective,7
Wretched The so-called religious symbolism is so heavy-handed it's as though it were written by someone with no imagination or appreciation for the language of the source material. From the opening scenes with the grotesque Bardem coarsely abusing the divine Warren to the flat phony sycophantic behavior of Ed Harris (first time I have ever disliked his performance) and on & on the film plays like a bad high school film class product. I don't know what Aronofsky's problem is but his films sure seem filled with enormous amounts,1
"Mother Nature, and how we are killing ourselves.",10
WTF did I just watch,7
"If there is a movie theater in hell, this is playing there I have been going to the movies for 45 years. This is, hands down, the worst movie I have ever seen. I mean, I hated this movie. Plan 9 From Outer Space and The Room were at least entertaining. This is like being locked in a cell with a stoned college student who can't shut up and thinks that every opinion they have, is the final word on a subject for 2 hours. Jennifer Lawrence should stick to roles that require her to paint herself blue or shoot arrows. Darren Aronofsky wants to be Luis Bu?uel but he's closer to Uwe Boll. He cites The Exterminating Angel as the inspiration for Mother! I agree, in the sense that I did feel like one of the dinner guests who can't leave in Bu?uel's classic during the course of watching Mother after paying 13 bucks to see this pretentious, heavy handed waste of time. Do yourself a favor, don't go see this movie, you won't get the 2 hours of your life back if you do. When it shows up on The Movie Channel playing at 3 in the morning in a couple of months, don't even set your DVR to record it. There are infomercials about gardening tools on at the same time, that are much more entertaining to watch that this.",1
"A little tedious to watch, but the concept is brilliant",8
"Beyond Brilliant This movie took my breath away. When the end credits began to roll, all I could think of was just how brilliant this film is! I was absolutely astonished by the level of craftsmanship on Darren Aronofsky's part, and just the sheer complexity of the writing. Aronofsky says he wrote the screenplay in six days, which just blows my mind. It is so intricate and delicately designed, that I don't know how he was able to write it in less than a week. I think it just goes to show how much of a pure genius Aronofsky is. This is a movie that is driven 100% by its story and its screenplay. Everything else, from the camera angles, to the score, to the performances, are in service to that script. So it's hard to sit here and say ""Oh, well the cinematography is gorgeous"" or ""Jennifer Lawrence is fantastic in the film"", because their purpose was not to stand out on their own. Everything they did was to enrich and drive forward this story, and that doesn't necessarily work for every film, but it absolutely works here. This film is made by the deep complexity of its metaphors and allegories, and by its social and theological analysis of our past, present, and future. Without the strength of its script, mother! would fall apart. Luckily, Aronofsky",10
"Jennifer Lawrence Hubris I thought this was worth its salt even though it did tend towards clich? as it wore on. The disappointing aspect of this film is that Jennifer Lawrence somehow portrays an ego that is beyond the character. It's a kind of ""you know that I know I'm only acting this and the real movie is me"" that seems to have perpetuated in every film she had made since Silver linings Playbook, bar X-Men (when she was covered in paint and having to ""live in"" the previous ""humble"" shoes of Rebecca Romijn) and American Hustle (where she was greedy White Trash). She needs a director who can ""humble her down"", in the same way Eastwood did for Jolie in Changeling, so that her ego is less of a distraction for her",7
There's no other weird fo it: This is crap! So great actors. Why are they in this movie? One of the worst films I ever seen...,1
"Not what people expect from a horror movie. Normally, horror movies traffic in fear of being startled.The feeling is similar to talking with someone who says ""I'm going to jump at you"" and then keeps up the threats: ""you'll be startled, just watch... I'm going to make a loud noise... you'll not know when..."" That's annoying, but not very genuinely frightening, not any more than a champagne bottle in a dark room. This movie instead confuses, frustrates, and deeply unsettles you. The logic in it is absurd and dreamlike. I've never come as close to having a nightmare while I was awake. That's not what the average person wants. It's hard to enjoy a movie like that if you think you're smart so you spend time poking holes in absurd logic that is up-front about its absurdity. It's also hard to enjoy if you are in some other way dense or unempathetic. An average person looking for an engaging series of loud noises would be very upset with",10
"Spies in the house of love? ""Mother!"" follows a couple (Lawrence and Bardem) who live in solitude in an expansive farmhouse that the wife has painstakingly restored from a fire. One evening, they are visited by a doctor (Ed Harris), whose wife (Michelle Pfeiffer) follows. The dynamics of the home are turned upside down, and chaos ensues. I won't attempt to give a full plot summary here, as it's truly a waste of time. If the cryptic promotional materials and slim premise are enough to intrigue (as they did myself), then give the film a go. The first half of ""Mother!"" is just shy of brilliance, with bizarre character interactions, wry humor, and phenomenal performances from all involved. At times, the dynamics between Lawrence, Bardem, Harris, and Pfeiffer give one the sense that they're watching a zany stage play, and the actors (especially Pfeiffer and Harris) clearly have a ball with this. As the film progresses into its second half, it shifts and expands in ways that are unabashedly over-the-top, and Aronofsky quite literally pulls the rug out from under his audience.",7
"A 2 hour ordeal - movie torture First off, this felt (at least) 3 hours long, but was only 2 hours, to my great surprise. Ugh. Where do I begin. My friend dragged me to see this, I warned him ahead of time that it was directed by an artsy type director. We had seen another truly awful movie by this same director many years ago - Pi. This movie is one of the worst movies of the decade, if not the century. It's painful to see how self-important, pretentious and eager this movie tries to be, as if its some sort of artistic film. It fails totally. Jennifer Lawrence - what was she thinking? Worst career move in recent history. I just hope this movie doesn't end her career - yes, it is THAT bad. I really liked her acting and performance in the Hunger Games movies, but here, even her star power can't even barely make a dent in the utter awfulness of this film.",1
"Ashes to Ashes... You've started to create a lovely dwelling, an environment you're proud of and it's telling, with a man who has some power, often disappears for showers, he has your heart, and his story is compelling. Alas your paradise and peace has been assailed, as a couple and their children have curtailed, doing things that are forbidden, fratricide can't be forgiven, a burst pipe is quite extreme, beyond the pale. So your partner tries to reinvent his wheel, the result is quite fervent, and full of zeal, a new beginning brings a birth, but it makes everything much worse, so you raise the temperature, to close the deal. Imaginative, inspired, relevant and rewarding - a film that requires several screenings and",9
"WHAT THE F I remember I watched 5mins of this like a year ago. Don't know anything about it, up until now. I gave it another watch (around 2 in the morning) and let me tell you, Mother! Is one crazy ass of a film. Lots of ""what the hell is going on?"", ""who are they?"", ""where are they coming from?"" reaction. The whole thing is a biblical allegory made me furious, uncomfortable af, & very-off putting. There's just so much going on, but suprisingly I liked it. Amazing performance. Just like what other reviews says, I myself can't also recommend it to anyone.",7
"I created an account literally to rate/review this movie 30+ years of watching movies and never created an account. That is how bad this movie was, it made me want to contribute to a lower rating. I would rate it negative 10 if I could. Anyone who tries to sell it as an allegory should never be allowed to review anything ever again. I respect everyone's opinions, but don't even think about trying to sell it with that justification. Literally the worst excuse for a movie ever. If you want to sit there for 2+",1
"When the Universe is against you ""Mother!"" is the epitome of ""horror for people who don't like horrors"". One might not even realize that what they just watched belongs to the horror genre - not because the movie isn't horrifying, but because of how different it is from everything else in the genre. In reality, ""Mother!"" is one of the most terrifying and disturbing pictures you'll ever see in your life. The fact it barely features any imagery of gore, violence, or blood tells a lot. At the end of the day, what are we afraid of the most? What promotes this anxiety that keeps us awake at night and makes us daydream throughout the day? The fear of things going wrong. And do you know what goes wrong in ""Mother!""? EVERYTHING! It's as if your luck became negative, as if the entire universe turned against you, turning you into a magnet for everything bad that can happen in this cruel world. Can you imagine God himself making his number one priority to turn your life into a living hell? What opponent can be more formidable? It doesn't come anywhere close to having to deal with maniacs, monsters, or",9
"A shocking off the rails metaphorical art house film Wow mother! was a real wild ride. I stumbled out of the theater in awe. I don't think I've ever seen anything quite like it. It is really nice to see directors like Darren Aronofsky take chances like this. What you get in mother! is one part drama one part horror six parts insanity. The story does not take any time at all to get going, it becomes completely crazy about an hour in and the final 20 minutes will leave you shocked. While I was not totally floored by either main stars performance the acting was surely great. The problem with mother! is, taken at face value it's totally ridiculous. The things that end up transpiring are absurd and over the top to say the least. Therefore mother! will surely be a polarizing movie. As a small example I went with 3 other people to see it, including myself it was a 50/50 love hate outcome.",8
Another dark Aronofsky movie but this one wasn't that good for me If I ever meet Darren Aronofsky I would ask him what in the name of God did they do to,6
"Pretentious and annoying A married couple live in an isolated country house. He is a celebrated poet, suffering from writer's block, and she is working on renovating the house. Then a guest, a stranger, suddenly drops in and nothing will ever be the same again. Written and directed by Darren Aronofsky who gave us masterpieces like 'The Wrestler' and 'Requiem for a Dream', as well as the excellent 'Black Swan'. The fact that he wrote and directed this was the only reason I watched it, hoping that he was back to the form of those movies as his previous movie was the craptacular-beyond-belief 'Noah'. Unfortunately, no, he isn't, though initially there was a glimmer of hope. The movie started interestingly enough, with some decent character development and some interesting themes. However, from the outset it was slow, plus there were signs this wasn't going to be a character-based drama but something symbolic, and pretentious.",2
"Weird and uncomfortable but that helps to get the message across This is a Virgo's nightmare . The first half was so uncomfortable and hard to watch that I almost stopped, but I liked how it made me think about what was getting triggered in me - feeling out of control and unsafe and having to deal with it. I'm glad I kept watching because I ended up really liking it and I felt like there were two metaphors that the story could represent, one having to do with the life of an artist and the other about religion and the earth. I really liked the ending and it feels like a really deep message that I'm not",10
"I liked the movie Disclaimer: I totally missed the Biblical references and I learnt them from a review here. So obviously that part of the movie was totally lost to me. But. I enjoyed it. It was beautiful, mysterious and in the end totally crazy. It made me think. It made me relate to the woman on the most mundane level - the supportive wife, the self-obsessed artist, the house - the temple of the their love, being desecrated by his ego. I saw it as a grotesque critique of the relationship model - giver/user. So even just that layer was fine with me and made me feel my time was well spent. Also the evolution of the society, with the false idols it creates and then starts killing in ""their name"". It was interesting story told in a way that worked for me. Now, about the Biblical references, in retrospection I can see",7
Mother!,5
"Holy Mother of God! A movie so ingenious, it?s ridiculous. When it comes to being funny, sad, scary, beautiful and wonderful at the same time - well, nothing else comes even near. The acting is so great, it?s insane, especially from the main quartet. Congratulations to those who enjoy this film, which simply gets more intense and better with each viewing. It would be great if Kael and Ebert would get to watch this, as they would know how to appreciate it, but alas... However, Aronofsky finally did it, he made a true masterpiece. Now he?s up there among Arrabal, Bunuel, Capra, Carpenter, Chaplin, Cronenberg, De Palma, De Sica, Herzog, Hitchcock, Jewison, Jodorowsky, Kubrick, Lynch, Polanski and so forth. I?m not here to be a parrot or copycat, I?m only here to salute and be grateful. Hollywood just got",10
An Excellent Film with a Brutal Ending,7
The Most Pretentious Director In Hollywood Strikes Again,4
Read if you did not understand,10
"A beautiful roller coaster The movie is portrayed by it's trailer as a horror film and rightly so, humanity and the themes this movie explore are horrific. I can't say I enjoyed this film, there are some difficult scenes and this is a movie like say Clock Work Orange, it will push and test you. It will make you talk and question things afterwards. This is not a casual movie to go and enjoy, it's a questionable thought provoking experience. It's rare for a film these days to evoke such thought, so many mixed reactions and to explore themes that everyone will understand differently. Outstanding acting, intelligent cinematography, just go and see it,",10
"mother! Don't you hate it when you're about to sit down for dinner but then you find yourself in a warzone on the verge of giving birth? Having seen this movie once before, I think I can affirm my previous suspicion: that this is a much more enjoyable experience when you know going in that this story is the story of God and the Bible etc. Back when I originally saw it, I think I actually hated it. Everything almost makes sense and then it will violently shift away from clarity into its next confusion. Now, it was better for me to think about the hidden meanings as I'm seeing these events unfold. Also this time around, I'm really more aware of how well Jennifer Lawrence played this role. This may be the best thing I've seen her in. Javier Bardem isn't necessarily playing a villain here, but his presence is honestly scary/intimidating. That's just how the man is.",6
Heavy Ingredients Severely Undercooked,2
"Great Before I watched the movie, I read about it on wikipedia. No spoilers though. While watching the movie, I said, wait, what does this look like, I understood everything in the second half of the movie. It was a very good concept and movie. Forget about the critics, this is a great movie.",8
"Better than Expected, not at all Pretentious",7
I want my 2 hours back!,1
Fantastic experience! Weird experience in the best possible way. Will keep you on the edge of your seat all,8
"hold on to your butts Greetings again from the darkness. Him. Mother. Man. Woman. When those are the identifiers of the four main characters (none have a real name), one might assume that the filmmaker is lazy. However, after watching the latest from the psycho-creative force known as Darren Aronofsky, we understand that names weren't necessary, and even if they had been, he was probably too mentally exhausted from finding ways to torture those characters and confound the viewers. The first half of the film is discomforting and creepy while the second half is downright crazed and deranged. You won't find many story details in this review, as the fun is in the shock. Most of the film is through the eyes of Jennifer Lawrence, and we share her confusion and disoriented state. She is married to a famous poet played by Javier Bardem (yes, the age difference is acknowledged). While she spends her days refurbishing their stunning country home, he battles severe writer's block. Needless to say, their domestic bliss goes wrong but it's not the kind of wrong we've ever seen",7
Garbage,1
"Many ways ... many views ... many feelings You can tell by how people react to reviews on this, that they have made up their mind. The director himself likes the fact the movie does not leave people without emotions. Be it joy for liking it or hate for disliking it. Even strong annoyance if you feel that hate is too strong a word is well received. And we also know that the director does have a tendency to go religious on us. That is not a bad thing but it may be helpful for the viewer who want to know what is going on. Or want answers! They are sort of written down ... in a book. But this is not just the making of ... this can also be seen as an allegory on many other things. And Darren is not someone who'd squash anyones view on the matter. He said he made one movie, but he welcomes any other interpretation. And there is a lot to discover. If you are open and receiving for the way the movie tells its story, for the way the characters behave (because they can be pretty annoying, especially out of context, but",10
"Terrifyingly Truthful I can not stop thinking about this movie and how it has impacted me emotionally with surprisingly a well known story by most of us, characters and visuals of humanity and inhumanity. A brutal master piece.",10
Disturbing psychological thriller.,7
It made me miss Rosemary Woodhouse,1
BEAUTIFUL ALLEGORY Very few will have the maturity and/or clarity to comprehend this movie! This is fine artwork on film. This motion picture starts off with a slow burn shrouded in mystery. Next it demonstrates the cruelness and ignorance of humanity.,10
"Why so much hate ? It doesn't deserve that Finally watched this movie and i can't understand the amount of negative reviews, the plot was interesting and kept me thrilled , the acting was good, the cinematography and the colour grading were amazing, the whole movie as a concept and the metaphor of it were really unique and sometimes shocking, i really enjoyed this movie and i hope poeple will rewatch it and gave it a chance, maybe it's not for everyone but definitely impactful",7
Hilarious!,4
"Beautiful Firstly, this is not a horror movie. Advertised as such, not a horror movie at all. Just beautiful allegories abound which many will claim as pretentious. Amazing performances by the actors and actresses and a wonderful story that speaks volumes, straight from the visionary artist Aronofsky. Wonderful and great, does not deserve any of the hate.",10
"An art-house tour-de-force indeed, but not without its shortcomings. Darren Aronofsky's ""Mother!"" is a surrealist, hard-hitting, and horrifying allegory that packs a visceral and intense punch. The film is an intricate tapestry of Biblical imagery and themes that leave viewers grappling with complex philosophical questions. Jennifer Lawrence stars as Mother, a woman who lives with her poet husband, Him (Javier Bardem), in a secluded house. As the film progresses, their tranquil existence is disrupted by a series of increasingly disturbing visitors, culminating in an apocalyptic ending that will leave you feeling broken, almost as if you just want to wail about the horror you've witnessed, and it is indeed a truly horrifying film, playing on your senses and emotions the entire run through, making you question space and time by the end of it. The film is a tour-de-force in terms of visual storytelling. The cinematography, by Matthew Libatique, is strikingly beautiful and hauntingly dark. The camera work is",7
complete waste of 2hrs,1
Only a Horror if you are Human Calling this the worst movie of all time is a big mistake. The reason it's getting panned and rated very low is because human beings on the whole have a problem looking at them selves and admitting that We are a monstrous creation . This movie is hard to watch because it is hard for us to see fault in anything we do . It is easier to say we hate something or that it is horrible than to admit that this movie hits a nerve! Humans have ruined the Earth and when she is ready... she will rid herself of us ! Even at her own,10
I have a different view of what this is about,8
"A film in a hurry Darren Aronoksy's ""Mother!"" reminded me of a varied bunch of other movies, including ""Pacific Heights"", ""The Shining"" and ""Rosemary's Baby"". A stranger comes into a pregnant woman's home: superficially polite and plausible, soemthing about him rubs her up the wrong way: he doesn't respect the boundaries she expects him to, while her partner seems strangely oblivious to the oddness of their guest's conduct. Is she paranoid, or is there really something wrong here? I like the premise, but the film seems in a hurry throughout, escalating rapidly where there might have been more mileage in letting things simmer; and ultimately plunging into a graphic supernatural horror that feels a long way from the film's opening moments. In the end, the protagonist is effectively revealed as doomed from the start, and the nighmarish quality present throughout loses its interest",6
"WTF Well this was a waste of celluloid. None of the characters have names, they kind of simply moved about spouting lines that really didn't tract or entertain. Ugh, this was painful. I think I would rather have been at the dentist.",1
"This is not a horror film. It's an anxiety inducing trip that will keep you on the edge of your seat and knock the wind right out of you. It will confuse you, disgust you, and blow your mind. It is 100% not a movie for everyone... by ANY means. However I enjoyed it greatly and even rewatching",8
Well made anxiety inducing film. Mother! Without going into spoilers is very divisive and bound to make you think. It perfectly induces a very intense dread and anxiety with good acting from its leads and shy camera angles. Definitely not for the most casual of viewings. I found myself hesitant to rewatch initially after viewing the film but given time to mull over my thoughts I can't wait to give it another go. I certainly have to recommend this film but if you're already feeling anxious perhaps,7
"Worst Movie Ever I don't have the strength to write everything that is bad about this movie. What's worse than the movie itself, and what made me open an account just so I can take the time to type this, is anybody who gives this movie more than one star...particularly those inferring that somehow you're not intellectual if you didn't like it. If you're the type of person who likes to look at a drawing that a 2 year created, perhaps consisting only of a poorly drawn circle, and somehow finds some hidden, deep meanings from that, then by all means, this movie is for you. Make it a religious circle to really make it interesting. Of the 1% of the people who feel this movie isn't the worst ever created, I figure ? of them are trying to make it appear that they're smarter than everybody else, ? of them are internet trolls just trying to stir things up, 1/8 are family and friends of the director and actors, 1/16 are using some serious opioids and the last 1/16th are religious fanatics. I really hope that adds up to 100% because, well, I guess I'm just not that smart. Can one of you 10 star people please check my arithmetic?",1
"A visual poem on life, death, destruction and renaissance A visual poem full of strong allegories . It's about how life wins over death, despite all the wars and conflicts, how humanity still exists thanks to women.",9
It's a sick man's nightmare,7
"Art is not shoving everything into a blender... As I say in the title of my review, it is neither artful nor profound to jam every possible reference and metaphor into your movie. It's lazy. It means you have no clear direction and/or are trying to appear meaningful while being unable to resist inserting your own 'struggle' into the 'high concept'... as though you are equating yourself with the existential conflicts of gods and nature... I should think this is the penultimate epitome of pretentiousness and narcissism. Yes, I got ALL the possible meanings of everything thrust into this amalgamation of horror and pseudo-philosophy tropes. And that was the problem... they were ALL THERE. There was no one idea prevailing; it was, as other reviewers noted, throwing all the poo against the wall and seeing what stuck... and the result was merely akin to a port-a-potty explosion. The only reason I've given it a 2 was that there were so many abysmal movies this year",2
Highly underrated!,10
"Forget the ""critics"", just go watch this amazing movie! This is NOT the story of a writer and his wife. This is a story about an entire religion and its believers! Complete with a ""God"" that must make ""forgiveness"" the base of everything, no matter how much it upsets the real Goddess: his wife, mother Earth! Yes, it's an allegory. So what? This one analyzes and dissects the false goodness on which this entire religion is based. Including the Son of God who ends up killed by his admirers! And what was that about the communion every Sunday where the blood and body of Christ are eaten by the believers? Yes, the ""God's"" son also ends up eaten! No, it's not shocking! The religion it portrays is what is shocking! JLaw performs a festival of good acting, so",10
There is no easy way telling about this movie I could talk about the different perspectives or make analogies to advance literatrue or philosophical views. Or i could just tell you that this movie is about being annoyed over pretty much the entire film (which is true). It's not really a horror movie and it's difficult giving this movie a genre. I would try to keep it simple; this movie is about how you interpreters the world and this is my version. 1. The house is the world. Humans are intruders that can't behave. 2. The mother is god. God is giving us and just trying to give love to the simple things. 3. The father is the human prophet. The father is using god for his own purposes even if,7
"The weirdness of 'Mother!' has to be seen to be believed 'Mother!' is a perfect example of a film that raises such high hopes with one of the best and most disturbing trailers (every bit as much as the trailer for 'IT') of the year, yet turns out to be the complete anti-thesis in quality making it one of the most disappointing, and to me the strangest, films of the year. It is really sad for me to say this about 'Mother!' Appreciate Darren Aronofsky very highly, though totally get why his films don't click with all viewers, and really liked to loved all his pre-'Noah' films, especially 'The Wrestler' and 'Requiem for a Dream' ('Black Swan' was also great, and while it is one of his more polarising films likewise with 'The Fountain'). 'Noah' for me was a real disappointment, though it was nowhere near as bad as the initial audience response on IMDb (which was of vitriolic hate with severe objections to how the 'Noah's Ark' story was treated). To me, 'Mother!' is Aronofsky's worst. Was expecting to be terrified and riveted but ended",4
You are mostly all ignorant humans :) Darren Forever.,10
"Shades of gray, folks. Why does everyone feel compelled to review something as the best or worst thing ever. Really? How is that even remotely useful to the reader? It's not a review -that's a rant. For those of you who don't get it, there's a little something called experimental filmmaking. It's been around for about a century, and not designed with mainstream Hollywood consumers in mind. They're art house films, and if you walk blindly into an art house theater, please don't whine because you didn't get a watered down derivative literal narrative. Artists like Darren Aronofsky and David Lynch have been at this craft for quite some time, and they know literal narrative is not hard to pull off. Symbolism, surrealism, multiple layers of perspective, that's a considerable challenge. If it's not for you, it's not for you, but it's tiring to see a convenient dismissal when someone doesn't connect with a piece. Having said that, I don't think this was Aronofsky's best effort. I thought the main concepts and core storyline were fantastic, but felt would have been best realized as a short film and condensed to 40-50 minutes. The themes were repeated to the point of being redundant, and though the point was made, it could have been made more",6
OMG! Cant JLaw find something better to do? Worst movie ever made! From the start I was confused and then I was confused. This movie never went anywhere and I wasted two hours of my life watching it. This movie makes me want to vomit!!!! Didn't even find out about the secret potion. Everyone involved should have their movie making creds revoked immediately.,1
"Highly symbolic, highly disturbing, highly rewarding I attended the premiere screening of 'mother!' and the entire audience left the cinema speechless. Potentially Aronofsky's magnum opus, 'mother!' benefits from rich religious and environmental symbolism with so much more bubbling under the surface than the majority of mainstream cinema today. With a genius marketing plan - the film itself is shrouded in secrecy, with intriguing trailers which actually give away nothing - 'mother!' exceeds expectations and takes turn after turn, each more shocking and tantalising than the next. Aronofksy prefaced the screening with an apology for what we were about to witness, but that we will ""feel better tomorrow"", while Jennifer Lawrence noted its biblical and environmental themes. That doesn't give away anything, though. It's almost impossible to describe it - go and see for yourself -- but give yourself some time after to decompress.",10
Holy Mother of God! What a weird psychological movie!,6
The most pretentious film I've ever seen!,1
"Raw Art as its best I left Mother! with a bitter taste in my mouth. My visceral self didn't like what it just witnessed. However, as I reflected and let my mind go over the movie itself, I started to see all its quality, its symbolism. One day after having seen it, i can clearly say that i love this movie, and i suspect that it will be in my all time favourites as time goes by. This is the power of Mother!, one true experience. It's raw artistry of the highest order, a",10
"Completely bonkers in a way one is likely to love or hate but unlikely to feel indifferent to This strange horror film is centred on a young woman; she is married to an older man. He is a poet and she works to repair their home, which was previously damaged by a fire. The house is remote but one day a man turns up claiming to have mistaken it for a guest house. The poet invites him to stay the night against his wife's wishes. The next day the man's wife arrives, she almost immediately starts asking our protagonist awkward questions and makes her feel uncomfortable; still the poet won't make them leave. Things only get worse when the guests' two sons arrive; they fight and one is accidentally fatally injured... the nightmare is just beginning. I suspect this is one of those films that viewers are likely to really love or really hate but are very unlikely to consider 'merely okay'. The sense of unease is gradually introduced but quickly escalates to an early act of violence. Then things relax and appears to bet better before turning to a nightmare. There are plenty of scenes that are likely to disturb the viewer; especially towards the end. The young wife, played brilliantly by Jennifer",9
"A weird and really strange film that blends mystery , family drama and horror A terrifying and rare yarn with several characters with strong obsessions that drive them towards self-destruction. The roles in this film are unnamed and are referred to by descriptors. In the burnt-out remains of a large house , Him (Javier Bardem) , a known poet struggling with writer's block, places a crystal object on a pedestal in his study. The ruined house morphs into a lovely home in a landscape. In bed, Mother (Jennifer Lawrence) , the writer's spouse and muse, awakens and wonders aloud where Him is. While renovating the house, she starts seeing things that unsettle her, including visualizing a beating heart within its walls. Along the way, couple's relationship is tested when uninvited guests arrive at their home. One day, Man (Ed Harris) shows up at the house, asking for a room. Him readily agrees, and Mother reluctantly follows suit. During his stay, Man suffers coughing fits and Mother observes an open wound in his side. Soon Man's wife, Woman (Michelle Pfeiffer) , also arrives to stay. Then things go wrong when a large number of guests disrupting their tranquil existence. Seeing is believing !",6
Fell Incredibly Short of Expectations,3
"""How starved you must have been that my heart became a meal for your ego."" - - Amanda Torroni This is not a story about love or family. This is not a story about mothers! This is a story about Narcissism and Abuse. Only women who become a victims of narcissistic abuse could understand this movie! And it is very very strong and good! There are lots of people around us who are really evil, narcissistic, egocentric. People without empathy or love who destroy everything around. This is a story about the Love and the Ego!",10
"a film full of allegories and that will still have much to talk about. Mother! is a controversial film, a film that received very positive reviews, but also received many negatives, Darren Aronofsky is undoubtedly one of the great directors of the century, especially for the incredible Requiem for a Dream and the great Black Swan, he made a movie full of allegories the bible and also the film tries to give a message, but not all managed to capture (I for example, I saw some videos about people explaining better and understood more and more), the film has a great cast, Jennifer Lawrence is very well, Javier Bardem is fine too, the rest of the cast, Ed Harris, Michelle Pfeiffer, and etc are all very well, I have not seen any Oscar performance in the film, but the best is without a doubt to Jennifer Lawrence, Darren's direction is great , it's amazing how he manages to make the whole movie have Jennifer's character on the screen, at no time she's not on the scene, it's just like we were her, and that was very clever, the soundtrack does not exist, and this makes a greater tension, type in the masterpiece In Country for old Men, but the film is slow and gets very tiring with passing of the time, even if it is not being long, there are problematic parts that take a little of the movie, Mother! is",7
"Utter crap. If I was given the option to watch this movie again, or watch The Green Lantern 5 times in a row whilst having my toe nails pulled out, it would be a tough choice! What a terrible movie. I honestly have no idea what it was about. It was incredibly frustrating from start to finish. I think they tried to make some sort of arty master peace, but have fallen well short of the mark. Save your money, do not go and see this utter pile of crap.",1
WTF did I just watch? This is one f'd up movie! The tension it creates it's incredible. Brilliant acting and,9
"Deeply Awakening! Where to start - I've literally just finished watching this and spent the last hour questioning if I had been transported to another universe. This movie had all the potential to be something great, from the cast to the secluded creepy setting - but no, we got almost 2 hours of the what could only be described as one of those brainwashing experimental videos where you have no idea what's going on. If you like movies which make you feel uneasy, and make you think you're going mad then this might be the movies for you. Otherwise, I wouldn't bother. Edit: So after having a day or so to ponder over the meaning of this movie - I've changed my rating and edited my review based on what I have come to know.",6
"What did I just watch... I totally agree with jeffreykorolischuk . It was sick and disgusting... After I finished the movie I wanted to throw up and cry at the same time... Yes, I see real effort in this this movie but there must be another way to express those ideas.",1
An Extreme Dose of Lynch and Kubrick come with Aronofsky's Very Pretentious Mother!,8
"Misunderstood Fantastic piece of artwork. It's good to have a film like this where you have to think hard about the content presented, and make interpretations afterwards.",10
"I had to go and look at that movie by myself... ... after all the hate or love reviews. If you want to go for this picture, I can recommend to read the short review from IMDb-user wasabiteabag from Australia. In his review is a fine summary of all the symbols in the movie and it helps a lot to be aware of symbolism as main carrier of the script. With that in mind it is a must see. I liked very much, how the creation process of ""god"" went out of control, without holding anything back. The movie grows and grows. Try to be part of the growing during watching.",7
Abhorrently bad,1
"You can see the art behind the scenes. Actually this movie isnt my favorite movie but i wanted to talk about it because I couldn't choose my fav. Anyway,Mother is a American psychological horror? film. jennifer lawrence and Javier Bardem are starring.The plot follows a young woman whose tranquil life with her husband at their country home is disrupted by the arrival of a mysterious couple. The main place is lead characters's house.Mother was directed by Darren Aranofsky. most of the people who watched the film did not understand the message. The movie is satire to religion to god, every scene, every detail is a hidden symbolic passage. example: In one scene a man is in the bathroom and his back appears bruised, it means that he is Adam and his back is injured because God took his rib to make Eve. What I understood from the film is that it shows that God would be a selfish being that while man destroys the world and nature he only cares about being worshiped. You need to watch the movie and at the same time associate that part of the bible it is referring to, and which bible character each actor represents so you can see the art behind the scenes. ??",9
Seriously Takes Himself a Little Too Seriously!,7
Opinion on this movie,1
Illuminating Human Atrocity,10
"Allegorical, jarring and bound to be divisive.",7
A masterpiece of overindulgence,2
"Visual representation of a nightmare! It starts with a strange storyline, but interesting. After a while it just gets more random like you have in a nightmare: random, crazy, chaos, A LOT OF CHAOS. It is one of the best movies I've ever seen, just because it leaves you with an extraordinary feeling! Amazing",10
"Great film, glad the critics see it In depth conceptual and revolutionary in horror. It's more psychological horror, there's a few jump scares but if you sit here mad because there's not enough and that's not scary enough for you then you really don't understand what conceptual horror is, go watch your paranormal activity crap. This movie is original and fresh and shows that modern horror cinema is still alive and can be tested upon different various angles. I'm so happy the",9
Mother!,6
"What is this crap? Seriously, what is this crap? The director blamed this tanking on lack of science fiction? Really? This movie was completely unrealistic in any ""world"" and horribly done. It shows that the only people that are praising this movie are the ones paid to do so. Watch at your own risk. You'll never get that time back.",1
"Amazing surreal nightmare This movie is one hell of a trip and perhaps completely unlike anything you've seen before. It starts out feeling like a horror drama, or the makings of one, but then goes off in a very strange, unexpected and highly original direction. There is a palpable tension throughout, and an unnerving, strange dream-like quality, with a real sense of dread. Later on, towards the end, the movie completely flies off into something like an insane surreal nightmare, an assault on the senses,and is very shocking. The ending is incredible. The movie says a lot about the human experience and especially relationships, love and selfishness; this is the emotional core seen through the eyes of the lead actress. The acting is great, especially the lead actress who is absolutely superb, as is the set. The filming style, and sound work, are at times intentionally disorientating, adding to the surreal sense. It's an absolutely gripping experience and very psychedelic. Despite much intense darkness and carnage, there is also goodness, beauty and truth, so in a strange way, in parts it's a wholesome experience. Bear in mind this movie is working more on a subconscious level and a lot of it does not make logical sense. You may well hate it.",9
"The worst This movie was so bad, literally I just wanna to get over the movie. The point of the movie I understand but the way that they show was so boring and wears.",7
"Made an account specially for this movie! We watched this movie on holiday 'cause we liked the mysterious trailer. Well, it's safe to say the movie didn't do the trailer any justice! 2h of wondering 'WTF', maybe it'll get better, maybe the end will be worth it... IT IS NOT! The last 30min made the movie even worse than the first 1,5h of falling asleep in confusion did. The end felt as close as the end of 'Cabin in the woods', this feels like the same level... -rolls eyes-",1
"Excellent performance by Jennifer Lawrence I am not a film critic or pretend to understand what that even means exactly. I just like movies and whether I feel one is good or not is purely subjective. This film hit a nerve and not because of all the symbolism or what the ""true meaning"" of it was. I have never so closely related to a character in a film than I did with Jennifer Lawrence's performance. I was riveted by her character and the panic, anxiety and pain of her situation. It was as if it were scripted from my own dreams and nightmares (though it went much further than my subconscious mind ever has!). The emotional turmoil and anxiety of being powerless to control 'others' from transgressions of your personal space and property was expertly portrayed. The connection for me was so intense it was disturbing to say the least. So if a film is meant to relate to the viewer on some emotional level (isn't that really the",8
"Exciting chaos, slightly stale Mother! is a purely allegorical film. In its foundation it mixes biblical allegories into a story about mother nature. The intent of director Darren Aronofsky is completely lucid. He wants the audience to reflect on the history of humanity and its impact on our planet, as well as of how our relation to God is ultimately what makes us destroy each other and our home. There are many layers in this film however I can't say that I experience the layers to be particularly deep. Mother! is so concerned about its metaphors that it neglects in creating fully fleshed characters and doesn't contribute any poignant ideas to the conversation about climate change. Yes, we have destroyed our planet. Yes, we have an unheatlhy relation to religion. Then what? This wouldn't be an issue had it been that it didn't take itself so incredibly seriously. It comes dangerously close to being goofy at its climax. What saves Mother! is actually the ways in which Aronofsky choses to portray and visualise the metaphors. Watching the house deteriorate symbiotically with The Mother",6
Complete waste of time Aronofsky misses at all levels. Metaphysics of poor quality. How can anyone produce something like that? Only for infantry terror fans or people with mental weakness.,1
"This Movie is for educated people If you haven't watch the movie yet and you want to see it then, don't read the bad reviews. This movie is amazing and it has a deep idea. It's not for uneducated and ignorant people. I read most the bad reviews and I just feel sorry for them because they think the movie is only talking about the writer and his wife, How funny!.",10
"Succeeds at breaking your nerves One of the most frustrating films I have watched so far. People are talking about how Aronofsky went way too far this time, but I thought he succeeded in his intent on disturbing and horrifying his audience. That's what I would expect a horror film to do anyway, instead of foisting the usual gimmicks of the genre. It starts off as some kind of black comedy, then things escalate so badly that it even becomes painful to watch. The voyeuristic camera angles constantly stalking Jennifer Lawrence, together with the dark, yellowish photography and immersive sound design also contribute to a truly unsettling experience. The film is clearly an allegoric retelling of the Bible used to reflect on the relationship between Mother Earth, God, and mankind. I thought it works as an ecologic parable, but the biblical references are so explicit that they make the film feel a little cheap at times (by the way, the terrible CGI is not helping either). Sure there could be other interpretations, but again the religious allegory is so in your face that it's hard to reflect",8
"Kept me on the edge of my seat I'm a huge fan of movies such as Donnie Darko, Get Out, and Us as well as Mother! The reason is because they are mysterious the whole way through. They have much deeper messages than just horror and violence. Mother! makes you think and draw your own conclusions and you have to figure out the greater message on your own. I understand people not enjoying it because of the violence. But for me this movie is about humanity itself and what this world is coming to. Well done by the director, Bardem, and Lawrence.",7
"Movie waste my time The worst movie i've ever seen , contains no benefits or goal.",1
Great storytelling of a story we all know,10
"A curiosity I have to temper any critique with the recognition that I was entertained and engaged throughout. That's worth 6 stars on its own. A killer cast does work here, too, and the direction and set design are vivid. At the end of the day I don't think the metaphor was worth exploring, however. Unless you think the world needs more (and more provocative) Christian allegories. As a viewer I was interested in trying to figure it out, but by the third act the mystery is mostly gone. The archetypes are pretty on-the-nose; it's not a film that lingers with you as you search for meaning. The meaning is not precisely what a typical Christian might appreciate (perhaps quite the contrary), but it draws exclusively from those well-worn themes. I'm not sorry I watched it, it certainly was something... I'm unsure who I might ever recommend it to, however.",6
"Pretentious nonsense masquerading as art This movie tries to justify itself through the use of artful imagery and Biblical symbolism, but can't seem to mask its overall misogyny. While misogyny has been a theme in many a horror film, I've never seen it used so blatantly than in this film and all while trying to mask it with a thick layer of pretentious allegorical Creationism. This isn't something I would typically speak out on, but this movie hit a nerve. How Him patronizes and demeans Her throughout; how the guests devalue Her within her own home; how Her debases herself in enough to be treated in this manner by all those around her. It all speaks of male chauvinism. Even beyond that point, I've seen so many people defend this movie and it's because of the allegorical nature of it. Just because a film is overwrought with Biblical symbolism doesn't make it 'meaningful' or even a 'good' movie. Underneath all the symbolism and all the misogyny this, simply put, was a bad movie. It was slow, boring. There was never any tension created to amount to anything suspenseful or exciting. And the plot didn't stick.",2
Don't give up! I got half way through this film and thought "this is awful" and turned it off. I then came here and saw all the 10/10's and thought I must have missed the point and restarted. I'm so glad I did as everything then started clicking into place for me. Keep going! It's definitely worth it!,10
"An allegory of Biblical proportions Long-awaited ""Mother!"" is a challenging film. It's far more complicated and rich than the house-invasion horror-thriller it starts out as. Despite having directed only seven feature films, Darren Aronofsky has become one of the most interesting and important directors of our time. Now returning after a shot at Biblical adventure-drama ""Noah"" (2014), Aronofsky delivers a film full of allegoric storytelling. The performances of Jennifer Lawrence and Javier Bardem are impressive. Aronofsky's screen writing and direction never allows the viewer to get away from the hellish nightmare that unrolls. Longtime Aronofsky collaborator Matthew Libatique (who's worked with Aronofsky on six out of his seven full-features) delivers some exquisite cinematography that adds power and discomfort to the story. Having considered the movie after watching it, I've reached the conclusion that I need to watch again, as there's too much substance, and too much references, for me to grasp at a first viewing.",7
what un unbelievable bulls**t From the cover to every f** detail it disgusted me Lawrence having the same bad acting throughout the whole movie no point in anything no success at any level I literally made myself watch it till the end,1
the mother movie 2017,10
A masterpiece of bleak truths through the scope of a surrealist's nightmare,10
"Not what I expected but worth watching This film is creating some incredibly bad reviews. It is the only film in recent memory where people have walked out, but I think this does it a disservice. It certainly wasn't what I was expecting but I think that's what a good movie should do, make you think. The cast is superb and the acting is great it just takes quite an unusual twist which has left many either confused or angry, but it's worth a watch if you have the stomach for it and are prepared to accept it as a piece of entertainment. I can't say I'm totally satisfied by the movie but I'm happy I watched it.",7
"Comedy Of Horrors, perhaps Maybe the intention was to make a terrifying comedy about, about, about...well, I'm not sure. A Mother! like that with an exclamation mark? An artist with an ego bigger than their house? Who knows. I certainly tried to cling on to something but I couldn't. It seems like a terrible confession to make but the truth is I couldn't care less about that mother because I didn't believe in her plight and couldn't understand her behavior. Jennifer Lawrence is a terrific actress we all know that but here, she screams and screams while I glanced at my watch with mounting impatience. Borrowing from other, better films, doesn't help, on the contrary, it irritates. Rosemary's Baby came to mind as well as The Tenant, Apartment Zero, Common Wealth. All films that terrified me without explicit gore",2
"A refreshing oasis in an otherwise parched desert of Hollywood remakes (NO SPOILERS) 10/10 I loved this film so much, was so shaken and moved by it, that I actually created an IMDb account to post this review. This film is a breath of cold, crisp fresh air for anyone sick of brain dead Hollywood sequels and remakes. My review is for people who haven't watched the film, so it contains no spoilers. I believe that like a magician's trick, if you know what's going on, the illusion will vanish. You'll miss the magic. You'll won't feel the confusion. Your brain won't be pulling itself apart trying to work out what is amiss. This is why all the trailers leave the story as a mystery. It pains me to see the director and cast answering questions on the red carpet and in interviews explaining the film away. Sadly, if you are reading this review, you probably already know what the film is about,",10
"Too many unnecessary bad reviews! I went to watch Mother with little knowledge of what it was about, I read a few reviews which differed from 1 star to 10 stars so I was keen to watch this to give my own opinion. From some of the '1 star' reviews I read I personally feel this is a harsh review, i have seen some bad films but it would take a lot to give it 1 star. I will be completely honest while watching the film and even at the end my thoughts were 'I have no idea what just happened' I did then once I got home spend some time googling the plot, some would say 'if you need to google a film to understand it then it can't be good' others may say 'if you kept thinking about it that much you had to find out more, it must be good' so I will leave you to your own opinion. I however after watching a film love reading about it after and I will not say what I found but it did clear everything up and then made me enjoys the film more. Although the film itself is confusing without understanding it I was constantly engaged through the whole film and was left in suspense completely throughout. A lot of reviews I read were saying it is put in the wrong genre, it's not a horror.. I personally feel that we are now moving towards a new genre of horror, how many more poltergeist",7
Self Indulgent disappointment ..,2
Embarrassing Storytime,8
"Not brilliant, but the 1-2 star ratings it's getting are questionable",7
"Gender clich?s and metaphor by numbers This movie manages to reduce the characters into a pastiche of the same tired characters Hollywood loves so much...narcissistic alpha man,a virginal mother,a whore,a man in a grey suit....yawn.To add insult to one eyed injury we have metaphor...can it be called that when its trying so hard?The prism we look at things through is what gives us insight...and these tired character tropes,and the heavy handed attempt to be",1
Such a grate movie,10
"Strong movie with strong message! It's really funny to see such contradicting reviews! People are either hating it or loving it! I really found it deep and intense, on several levels. It really shows the flow of relationship where one partner is emotionally Invested and tuned to the feelings of another and another lacks empathy. You will also notice quite a few religious references but the movie can also be read and understood from other perspectives, not only religious one.",9
Mother?! Meh!,6
"Run to your mother This movie is awful. The story is awful. The pace is awful. The tension is awful. I totally hated it. I think that I never felt such an urge to stop watching a movie like this time, and I think I didn't do it because of one thought only: ""The actors are good, the director is good...there must be something in it..lets give it a try...""..gosh! it never ended...too long...too boring...annoying...irritating. At times I felt I had to scream: horrible! They were always repeating the same idea...over and over again in a two hours movie. I wanted to like it, but I couldn't...not one bit. I hated it. I will never see it again and of course I don't",1
"Masterpiece This movie is for people who appreciates art. ""Mother"" is replete of metaphors and analogies with the bible, greek culture, the world nowadays, etc.. You really need to focus on watching the movie and catch every single detail. Besides the photo, the cast and scenography is so beautiful. I highly recommend the movie",10
"Idk!!!! Look this was a good movie. Really good. But I just couldn't really get what was happening. There wS no explanation for how all this went down with literally no repercussions. I got some of the symbolism. However I had read reviews before watching that said if ou were looking for a movie with meaning and clear cut story it's not for you. And honestly, it's really creepy. Once scene in particular was so hard for me to watch I had to pause the movie and bawl my eyes out for a few. It's worth the watch but don't expect to be enlightened when it's over. If anything you'll be more confused, but man. It",7
"One the worst movie I've ever seen, totally waste of two hours of your life This movie is for really mentally disturbed people. Good actors but story is so disgusting it makes me sick. I like thrillers and horror movies but this is truly pure s**t. Sorry. Not worth watching a minute. Shame on you, how do you dare?",1
Apsolutely insane,10
"Interesting, but nothing more than interpretations.",6
"Wolf in Sheeps Clothing Sorry but this is not filmmaking, cinema or story-telling and it comes on using those dynamics and more to rope in innocent, movie loving fans wanting a good-story perhaps a scare and certainly a ponder or two but instead delivers something so intrusive that it has to be outed so that people understand never to do this again. I watched this believing in its way to introduce a story and went along because it uses conventional means to arouse the viewer and set the hook or so you would think. Instead, we are introduced to shock and horror along with atrocities that are on the level of society gone wrong and trying to influence us to join it. This movie is atrocious and an abomination to the world of films. Now saying all that, there will be a segment of people who will after reading my review can't wait to see it and even more compelling there will be others who want to watch it stoned or drunk or for the shock me value. If this type of cinema ever catches on I have news for everyone. That means society has gone the way of Sodom & Gomorrah or better yet build yourself an ark because lots of destructive rain is coming to wipe out humanity. This will be the last thing everyone sees before departing. Watch at your risk",1
Stop over analyzing and killing the experience!,9
"Those who give a low rating, just simply doesn't understand the plot",10
"Watch it to make up your own mind??eeply disturbing Ugh, ""Mother!"" makes you feel bad... Jennifer Lawrence's character just moved in with her husband, a poet played by Javier Bardem. Their seemingly idyllic life becomes interrupted when a mysterious man and a woman, played by Ed Harris and Michelle Pfeiffer, invite themselves to the couple's new home... and from there on, things spiral downward. Among the many good things that stand out about ""Mother!"" is Jennifer Lawrence's compelling performance. Her face fills almost every shot and the whole story is told in a deeply subjective way from her perspective: As she is trying to make sense of what is happening around her, so are we. When I watched the trailers for ""Mother!"", I thought this was just going to be a rip-off of ROSEMARY'S BABY, but in fact, the movie is nothing like that. You continue to be surprised from beginning to end, and there is a lot of mystery that is deeply haunting. The suspense keeps going as you try to make sense of this movie, which is deeply",7
"Fierce debate, how wonderful I have a nagging feeling that the raves come from people in their 20's and/or younger. I maybe wrong but the debate erupting from this movie reeks of youth. Something similar happened with Terrence Malnick's The Tree Of Life. People either loved it or hated it. From my own personal POV the only different between The Tree Of Life and Mother! is that The Tree Of Life was a masterpiece without any visual cope outs and, perhaps, the only commercial concession were in big star names but even then Brad Pitt gives one of the best performances of his career. Mother ! Is not a masterpiece, not to me anyway. I couldn't connect. Was it a comedy of the absurd? When I saw all the people dancing and partying in the house I had a flash back to Blake Edwards's ""The Party""Jennifer Lawrence is a truly gifted actress and beautiful to boot and, quite clearly, she put herself in Darren Aronfski's hands, She, the mother, calls out ""Baby""? Hoping to find her husband - She is a Saint Joan half burned already. That truly puzzled me. Can you please give us time to connect with her? A few minutes. If you remember Mia Farrow's Rosemary - She was, emotionally, so far away from what she's about to confront. Polanski takes the audience",5
"Disturbing, traumatic and happening everyday.",8
"more weird than horror story Pretty hellish images, right at the start. Burning faces, with flames all around. And then a house being almost magically restored. When strangers move in (harris and pfeiffer) with a couple (jenlaw and bardem), strange things start to happen in the house. The visitors all have have huge boundary issues, and are rude and physically violent. I think most of us would have told the couple to follow the house rules much sooner. Or just asked them to leave. The film itself has some interesting things to say, but you really have to suspend belief in some places to buy in. Written and directed by darren aronofsky.... he was",6
Very disappointing I expected much more from such movie cast... My first time ever to check a movie's reviews to understand what was the moral or the message that costs that much of horror,1
"Loved it! Watched it ages ago, just thought of it after watching The platform (also recommended!) Movie really stays with you, makes you keep thinking, and I think it's brilliant.",10
Really affected me,7
"Frustration A complete failure, waste of money and most importantly ......a waste of time. I give this a 1/10 and that's only because i can't give it anything lower. I'll leave this here for the poor souls who might be tempted to watch it ........trust me, you want to spend 2hours in",1
The Muse (spoilers),9
Amazing movie if you understand it.,8
"Trigger Warning ""You never loved me. You only loved how I loved you."" ---mother (Jennifer Lawrence) to Him (Javier Bardem) Directed by Darren Aronofsky (""Black Swan"" and ""Requiem for a Dream"") ""mother!"" is possibly the darkest, most disturbing movie I have ever seen. It is absolutely one of the most affecting. Reviews have been mixed, to put it nicely. But I think the theme of ""mother!"" terrifies some people so much that they choose to be perplexed by it rather than allow themselves to even think about what Aronofsky is suggesting. My take on the film is that it is about God, humans, and our respective relationships with creation and the creative process.",7
"Eraserhead 2017 A horrible experience, with no positive aspects and a waste of several normally good actors. The two hours of this film will feel like ten. Instead of shutting it off, I waited to see if the end brought some explanation of the film. It did not. The highlight of this film was a semi-clothed Michelle Pfeiffer, about 30 minutes in. Shut the movie off after that, save yourself some pain.",1
"Great movie! 10/10. No spoiler! This movie is very very good. I think this is the best movie in 2017. I liked it so much. The story what the director would like to tell is a littlebit hard to understand, but the ending is explain everything. I loved it! By the way Jennifer Lawrence is a very good actress in it.",10
"The Ultimate ""Horror"" Movie...because we are all starring in it! When ""mother!"" was released, it was inaccurately/disingenuously marketed as a conventional scary movie, which it isn't. That angered many people, because they expected a popcorn-Friday-night type thriller. It's actually the ultimate horror movie, because we're ALL in it. Many of its bad reviews seem to be from people who just don't like seeing themselves...",7
Awful!,1
SPOILERS! but i loved it.,10
what What. What! What... What; What? This is all I can say about this movie and the feelings that were sent to me through it.,7
"Waste of 2 hours 1 minute We like Javier Bardem and Jennifer Lawrence, and the acting was good, as were some special effects, but that is all I can say that is positive. This was a waste of these actors and digital space. Did not like or appreciate the apparent symbolism of God as narcissistic and uncaring toward his some of His creation in favor of others of His creation, and no regard whatsoever for His own Son.",2
"Wow This is a very good movie but towards the end, it is very disturbing. If you have a weak stomach and are empathetic I wouldn't watch. But if you're fine with disturbing movies, then, yes! Watch this movie. Jennifer Lawrence is outstanding!",9
Deserves more credit... I have to go off the first time I watched this movie and not how I felt on rewatches (all though I still enjoyed it) I was pretty much completely mind blown when I first watched this. It isn't obvious what is going on for a big chunk of the movie (all though if you start connecting the dots the title gives away). It keeps you guessing and leaves enough bread crumbs for a casual viewer to have their own interpretation. The inevitable descend in to madness is executed in such way that makes it unique.,8
"Emotional distance A clearly allegorical movie. Whether you want to see it as a retelling of the bible, personification of the creative process or the anxieties of a relationship, it mostly works. But for me there was too much of an emotional disconnect with the mother. She's going through horrific stuff, but that never felt real. Watch it for Javier Bardem and the antics of",6
"What were you thinking??? I have to ask this question to every single soul which was in some way related to the movie. I'm not sure what it conveyed or what they wanted to convey. I started feeling irritated as the movie progressed. That irritation kept increasing as it went on. But out of some damn hope that it will get better, I kept watching it but it never ever made me feel good till the very end. Felt very very bad for Jennifer's character throughout the movie. I read some calling it an artistic master piece. I fail to understand from which angle that is",1
"In your face, heart and soul",10
"A Film Expressing Interesting Ideas, if Nothing Else",7
Utter Disappointment. Worst movie I've seen in...forever!,1
"A beautiful movie with too abstract plot First of all, even if you watch this movie you wont understand the true message or story line without listening to the interpretation from author. The movie is very good and has a very good message but the main problem is the director never reveals in the entire movie - what he wants to convey. Specially the publicity stunts with a trailor which makes it look a horror film, the audience are always looking for moments or horror.. while the director is pointing out some thing else.",9
An abstract film!!! Almost an acquired taste needed for this movie good. Good in my book. But I enjoy very different films. So if your ready for something weird watch it. 7 out of ten but no higher.,7
"This movie is torture! I want my time back, I want my money back. I have to mirror the sentiments of many reviewers that hated this movie. I can't put into words how much I hated this movie. I can see there was a lot of effort put into it, the production and finish are all great but it's just torture to watch. There's no mystery to the overall story line, the concept is hinted at the beginning and there are no surprise at the end. OK fine, a movie doesn't have to rest on a final twist but the journey better be good then. It wasn't. There's nothing entertaining or compelling about the story or characters. Just 2 hours of boredom verging on frustration waiting for it to end. Just don't no it, don't watch it. I want my time back - I want my money back - I want to be able to forget this movie",1
"Really dig it I really enjoyed this movie. Yes a lot of clear Biblical references that we enjoyed figuring out. It was unsettling to watch at times but I think it added to the experience, especially the ""wtf"" moment at the end. We did have to read about the movie afterwards to understand what we just watched (and I recommend you do because it all seemed to click once we understood what Aronofsky was going for). There were some great performances from the cast especially Ed Harris and Michelle Pfeiffer, however, Jennifer Lawrence's face was pretty much blank the entire movie aside from a couple moments screaming bloody murder. Her lackluster performance aside, I'd highly recommend this",8
An allegorical Spectacle!,9
"I want to be alone I can't help feeling that the story of ""Mother!"" was written by someone who never got over being rudely intruded upon when they were in the bathroom. ""Mother!"" is chock full of phobias including some most of us can relate to with invasion of personal space the most prominent. For me it is an effective horror story until about the three-quarter mark. Then it ends up in the same kind of mess as Ben Wheatley's ""High Rise"". Writer/director Darren Aronofsky started out with a fascinating scenario. A successful author simply called 'Him' (Javier Bardem) moves to a large secluded house in the country with his pregnant wife, 'Mother' (Jennifer Lawrence). It seems they both welcome the solitude. However when he invites a stranger into their home it leads to more and more unexpected guests arriving and also the arrival of hordes of the author's fans. He seems to welcome the attention while she feels besieged.",6
"Don't tell me this is art, this is RUBBISH! What kind of story is this?! A bunch of meaningless crazy stuff happened suddenly, the obsessions and self center cock, Him is very obvious. But left a lot of things unexplained. I already wanted to walk out in the middle of the movie, because this is just nonsense and makes you feel so frustrated. Don't tell me this is art, this is completely pointless garbage, waste of my dime. Such a shame that all the brilliant actors are in this rubbish.",1
This made me feel strange I've never experienced such a strange feeling when watching this. It's like the room is moving around me. The ending was not amazing but overall the movie was fantastic.,9
"Not Bad I not to Scary but i really feel uncomfortable while watching this Not many Film can make me Feels like this that only good things in this film , about belief in this movie it Hard to understand Even now i understand it but it still Unnecessarily difficult ,this movie use too many knowledge to understand I think it should make it suitable for most people more",7
Terrible Waste of Acting Talent! Not Worth the Time!,1
"The perfect S.O.F.A. flick! Surreal, Ominous, Foreboding, Ambiguous. If you like movies that tickle the portion of your mind that's been questioning whether or not your reality is just an elaborate distraction, then this movie is for you. I watched this movie 5 times in the first week that I discovered it and it's not because I didn't have other options; it's because when I put on one of those other movies on, I found myself craving to see Mother! again. It's a difficult feeling to describe. It's imagination candy. It's not so much about the things you notice each time you watch it (and there are plenty of them), but rather the new ideas it conjures within your mind each time you watch it. You may even find yourself re-watching it just to have it play in the background while you think about other things. It's that powerful.",10
"Mother!: From Quiet Beauty to Total Madness The film transforms from beauty and a peaceful life into a chaotic nightmare-almost like a civil war, a cult of psychopaths, and even satanic madness all at once. It feels as if only the mother perceives the world differently, as if she's the only one fully aware of how wrong everything is. It's insane, but it reflects a lot of human insanity too-how quickly people can become irrational, cruel, and destructive when boundaries disappear.",6
Aranofsky's torture porn movie about climate change (gimme a break) A pretentious piece of garbage masquerading as art. The work of a director who's gotten so full of himself he's become completely blind to his shortcomings. This is nothing more than torture porn. Aranofsky's become as awful as directors like lars von trier and terrence mallick. The metaphors and allegory about climate change are non-existent. This is a film that makes sense to the artist making it and no one else. Critics praising this film are pretentious sheep who are drinking the kool aid. There is absolutely,1
"Masterful but very easily overlooked I can totally see how the general population of passive media viewers would think this is an insane movie that makes no sense and is a waste of 2 hours. But I can't see how anyone who enjoys movies can give this movie 1 star? The acting is great, the cinematography with those claustrophobic close ups and the use of sound are brilliant. Everything in the movie aids in building the sense of stress and confusion so well. The biblical allegories are genius and make a lot of sense with the plot of the film. The visuals are intense and the themes are at times disgusting but the whole film pulls together a really interesting message and leaves you thinking about it for days. The more I read into the biblical allegories of all the characters the more captivating the movie becomes. I do recommend watching the film before trying to figure out the meaning online or reading anything Aronofsky said about it. It's hard to recommend but well worth the viewing if you enjoy out of the ordinary films.",9
Amazing! Really enjoyed this movie. It had me watching until the end. I got the connection between mother and the house but didn't keep the entire meaning. A little googling soon explained it and everything fell together. I like it even more now nothing what it represents.,10
